Original Attribute Name,Original Attribute Type,Original Attribute Definition,Parent Elements,NIEM Equivalent/Refined Attribute Name,NIEM Equivalent/Refined Attribute Type,NIEM Equivalent/ Refined Attribute Definition,Status,Comments
firearmsReport,object,Document stating results achieved or providing evidence of activities performed during Firearms and Toolmarks exploitation,,FirearmsAndToolmarksReport,ReportType,A report of results achieved or evidence of activities performed during Firearms and Toolmarks exploitation.,Initial refinement completed. Pending Tiger Team review.,
reportInformation,object,Information about a report,firearmsReport,,,,Needs to be refined by Tiger Team.,
classification,string,"The determination that official information requires, in the interests of national security, a specific degree of protection against unauthorized disclosure, coupled with a designation signifying that such a determination has been made.","reportInformation, findings, image, document",mo:SecurityClassificationText,nc : TextType,An information security classification level.,Mapped to existing NIEMOpen attribute.,
reportStartDate,string,A date on which something begins.,reportInformation,nc:StartDate,nc : DateType,A date on which something begins.,Mapped to existing NIEMOpen attribute.,
approvedDate,string,A date of the approval.,reportInformation,ReportApprovedDate,nc : DateType,A date on which a report was approved.,Initial refinement completed. Pending Tiger Team review.,JS: This concept is not specific to the mo domain. A NIEM core or Forensics element would be better. 
accreditation,boolean,Value indicating whether or not the report is accredited,reportInformation,ReportAccreditedIndicator,niem-xs:Boolean,True if the report is accredited; false otherwise.,Initial refinement completed. Pending Tiger Team review.,
incidentType,string,A single or delimited list of incident types to restrict the results to. Items may be provided as either an identifier (GUID) or string (Label),reportInformation,j:IncidentGeneralCategoryText ,nc : TextType,A general kind of an incident that occurred.,Mapped to existing NIEMOpen attribute.,
reportExaminer,string,A single or delimited list of Discipline Report Examiners to restrict the results,reportInformation,,,,Needs to be refined by Tiger Team.,
adminReviewer,string,Name and information related to the reviewer evaluating the report and supporting documentation for consistency with laboratory policies and editorial correctness,reportInformation,AdminReviewerDocumentAssociation,nc:PersonDocumentAssociationType,An association between a report and its reviewer.,Initial refinement completed. Pending Tiger Team review.,
lastEditBy,object,Information related to the last edit of the report,reportInformation,,,,Needs to be refined by Tiger Team.,
modifiedBy,string,"A user, who modified a data file.",lastEditBy,ReportModifiedBy,niem-xs : string,"A user, who modified a report.",Initial refinement completed. Pending Tiger Team review.,JS: This concept is not specific to the cbrn domain. A NIEM core or Forensics element would be better. 
lastEditTime,string,A date information was last modified.,lastEditBy,nc:LastUpdatedDate,nc : DateType,A date information was last modified.,Mapped to existing NIEMOpen attribute.,
media,array,Objects on which data can be stored,"firearmsReport, exhibits",,,,Needs to be refined by Tiger Team.,
image,object,"Imitation or representation of a person or thing, drawn, painted, photographed, and so forth.",media,nc:Image,nc : ImageType,A picture or visual representation of something.,Mapped to existing NIEMOpen attribute.,
uploadFileName,string,"In computer forensics, an identifier used to uniquely identify a file object that has been uploaded within a directory object in a filesystem.","image, document",UploadFileName,nc : TextType,A name of an uploaded file.,Initial refinement completed. Pending Tiger Team review.,"JS: I would suggest not adding a lot of ""onesie-twosie"" external domain elements. These are more likely to change outside of our control, and adding more domains makes the IEPD schema package more complicated for little benefit. Things like ""data file name"" are not specific to the cbrn domain, for example. A NIEM core or Forensics element would be better. If it was something that falls squarely in cbrn domain (like a nuclear energy source) then I would agree we should reuse it."
base64,string,A text that is a binary base-64 string that represents an Image.,image,nc:Base64BinaryObject,niem-xs:base64Binary,A base64 binary encoding of data.,Mapped to existing NIEMOpen attribute.,JS: I think that using a base64 type element would prevent a lot of mishaps
document,object,Information and its supporting medium.,media,nc:Document,nc : DocumentType,A paper or electronic document.,Mapped to existing NIEMOpen attribute.,
loc,object,"An object containing `lat` and `lon` coordinates, which will return documents with an incident in a specified radius",media,nc:Location ,nc : LocationType,A geospatial location.,Mapped to existing NIEMOpen attribute.,
fileSizeBytes,integer,"Size of the media file, represented in Bytes","image, document",FileSizeBytesValue,niem-xs:nonNegativeInteger,"Size of a file, represented in bytes.",Initial refinement completed. Pending Tiger Team review.,JS: This concept is not specific to the cbrn domain. A NIEM core or Forensics element would be better. 
exhibits,array,Items or samples recovered as part of an investigation,reports,j:Exhibit,j : ExhibitType,An item introduced as evidence in a hearing or a trial.,Mapped to existing NIEMOpen attribute.,
exhibitNumber,integer,An identification number of an exhibit,exhibits,j:ExhibitIdentification,nc : IdentificationType,An identification number of an exhibit,Mapped to existing NIEMOpen attribute.,
exhibitQuantity,integer,A number of individual items that represent a piece of evidence. ,exhibits,j:EvidenceQuantityText,nc : TextType,A number of individual items that represent a piece of evidence. ,Mapped to existing NIEMOpen attribute.,
quantity,integer,A count of the individual units which make up an item.,exhibits,nc:ItemQuantity,nc : QuantityType,A count of the individual units which make up an item.,Mapped to existing NIEMOpen attribute.,
description,string,A description of the information,exhibits,nc:DescriptionText,nc : TextType,A description of the information.,Mapped to existing NIEMOpen attribute.,
documentNumber,string,identifier for a document associated with an exhibit,exhibits,DocumentNumber,nc : IdentificationType,An identifier for a document associated with an exhibit.,Initial refinement completed. Pending Tiger Team review.,
itemNumber,integer,An identification assigned to an item.,exhibits,nc:ItemOtherIdentification,nc : IdentificationType,An identification assigned to an item.,Mapped to existing NIEMOpen attribute.,
notes,string,"Notes are original observations, derived data, calculations and test reports recorded at the time they are made and are identifiable to the specific task. They must contain sufficient information to establish an audit trail and to support conclusions such that in the absence of the examiner, another competent examiner or supervisor could evaluate what was done and interpret the data.",exhibits,,,,Needs to be refined by Tiger Team.,
disposition,string,A description of a disposition.,exhibits,nc:DispositionDescriptionText,nc : TextType,A description of a disposition.,Mapped to existing NIEMOpen attribute.,
HasChildren,boolean,Indicator of whether an exhibit has child elements associated with it,exhibits,SupportingExhibitIndicator,niem-xs : Boolean,"True if an exhibit has sub-exhibits associated with it, false otherwise.",Initial refinement completed. Pending Tiger Team review.,
findings,object,Results of analysis of items or of the scene,,AnalysisFindings,FindingsType,Results of the analysis of items or of a scene.,Initial refinement completed. Pending Tiger Team review.,
findingsText,string,Description of findings,findings,AnalysisFindingsText,nc : TextType,A description of findings from the analysis of items or of a scene.,Initial refinement completed. Pending Tiger Team review.,
characteristicParticles,string,Particles that have compositions rarely found in particles originating from any other source than the discharge of a firearm,,GunshotResidueCharacteristicParticlesText,nc:TextType,Description of any particles found that have compositions rarely found in particles originating from any other source than the discharge of a firearm.,Initial refinement completed. Pending Tiger Team review.,
consistentParticles,string,Particles that have compositions that are found in GSR and also arise from other non-firearm sources,,ConsistentParticleCompositionDetails,nc:TextType,Details related to particles that have compositions that are found in gunshot residue (GSR) and also arise from other non-firearm sources.,Initial refinement completed. Pending Tiger Team review.,
commonlyAssociatedParticles,string,"Particles having compositions that are also commonly found in environmental particles from numerous sources. When present in addition to particles that are characteristic of and/or consistent with GSR, these particles can be of significance in the interpretation of a population of particles.",,CommonlyAssociatedParticlesDescriptionText,xs:string,"A description of particles having compositions that are also commonly found in environmental particles from numerous sources. When present in addition to particles that are characteristic of, or consistent with, GSR, or both, these particles can be of use in the interpretation of a population of particles and, consequently, the likelihood that that population is GSR. ",Initial refinement completed. Pending Tiger Team review.,
candidateParticles,string,Particle(s) classified by the instrument software based on detection of appropriate constituent elements as potential pGSR.,,CandidateParticlesDescription,nc:Texttype,"Particle(s) classified by instrument software as potential primer gunshot residue (pGSR), based on detection of appropriate constituent elements.",Initial refinement completed. Pending Tiger Team review.,
confirmedParticles,string,"Particle(s) relocated, analyzed, and classified by the analyst as pGSR based on appropriate constituent elements and morphology.",,ConfirmedParticlesDetails,nc:TextType,"Particle(s) relocated, analyzed, and classified by an analyst as primer gunshot residue (pGSR) based on appropriate constituent elements and morphology.",Initial refinement completed. Pending Tiger Team review.,
morphology,string,"Size, shape, structure, and texture of individual particles of interest",,MorphologyDescriptionText,nc : TextType,"A description of the size, shape, structure, and texture of individual particles of interest.",Initial refinement completed. Pending Tiger Team review.,
referenceMaterial,string,"Material, sufficiently homogeneous and stable with respect to one or more specific properties, which has been established to be fit for its intended use in a measurement process",,,,,Needs to be refined by Tiger Team.,
firearmsIdentification,object,"A discipline of forensic science which has as its primary concern to determine if a bullet, cartridge
case, or other ammunition component was fired by a particular firearm.",,,,,Needs to be refined by Tiger Team.,
accuracy,string,"In firearms using single projectiles at a given distance, accuracy is the measure of how close the
fired shots are to the intended target.",firearmsIdentification,TargetAccuracyMeasure,niem-xs:string,A measure of how accurate fired shots are to a target.,Initial refinement completed. Pending Tiger Team review.,
accuracyLife,string,"An estimated, or empirically determined number of rounds that can be fired in a particular gun of a
particular caliber, before it fails to meet a particular accuracy specification. Wide variations may occur due to caliber, ammunition characteristics, firing schedules, maintenance, and firearm design.",firearmsIdentification,FirearmAccuracySpecification,niem-xs:string,"An estimated, or empirically determined number of rounds that can be fired in a particular gun of a particular caliber, before it fails to meet a particular accuracy specification.",Initial refinement completed. Pending Tiger Team review.,
actionCategory,string,"The working mechanism of a firearm. The combination of the receiver or frame, the breech bolt, and the other parts of the mechanism by which a firearm is loaded, fired, and unloaded.",firearmsIdentification,FirearmActionCategoryCode,FirearmActionCategoryCodeType,A category of working mechanism of a firearm.,Initial refinement completed. Pending Tiger Team review.,
firearmCategory,string,Make and manufacturer of an assembly of a barrel and action from which a projectile(s) is propelled by products of combustion.,firearmsIdentification,j:FirearmCategoryText,nc : TextType,A kind of firearm.,Mapped to existing NIEMOpen attribute.,
ammunition,object,"One or more loaded cartridges consisting of a primed cartridge case, propellant, and with or without one or more projectiles.",firearmsIdentification,Ammunition,AmmunitionType,"One or more loaded cartridges consisting of a primed cartridge case, propellant, and with or without one or more projectiles.",Initial refinement completed. Pending Tiger Team review.,
ammunitionCategory,string,"A kind of explosives, chemicals, pyrotechnics, and similar stores, e.g., bombs, guns and ammunition, flares, smoke, or napalm.",ammunition,mo:OrdnanceCategoryText,niem-xs : string,"A kind of explosives, chemicals, pyrotechnics, and similar stores, e.g., bombs, guns and ammunition, flares, smoke, or napalm.",Mapped to existing NIEMOpen attribute.,
ammunitionCodeNumber,string,"A code number and/or letter(s) usually found on the carton that identifies a particular quantity of
ammunition for its manufacturer.",ammunition,usmtf:AmmunitionBatchNumberID,usmtf:BatchNumberType,A unique identifier for the manufacturing source of the ammunition.,Mapped to existing NIEMOpen attribute.,
ammunitionColorCode,string,"A method of distinguishing the various gauges of shotshells and types of metallic ammunition by
color or plating.",ammunition,AmmunitionIDMethodColorCode,AmmunitionIDMethodColorCodeType,A color or plating used to distinguish a gauge of shotshell or type of metallic ammunition.,Initial refinement completed. Pending Tiger Team review.,
ammunitionLot,string,Typically refers to a single production run of ammunition and is designed with a code made up of numerical and/or alphabetical digits. Both a military and commercial ammunition term.,ammunition,usmtf:LotNumberText, usmtf : LotNumberType,A combination of letters and digits that uniquely identifies the production lot of the ammunition.,Mapped to existing NIEMOpen attribute.,
grain,integer,"A unit of weight (avoirdupois). The grain unit is commonly used in American and English ammunition practice to measure the weight of components. There are 7,000 grains in a pound and 437.5 grains in one ounce.",ammunition,AmmunitionGrainMeasure,nc: WeightMeasureType,"A measure of the weight of ammunition components. There are 7,000 grains in a pound and 437.5 grains in one ounce.",Initial refinement completed. Pending Tiger Team review.,
shotshell,object,A unit of ammunition that may contain a single projectile or multiple projectiles/pellets. Generally shotshells are designed to be fired from shotguns.,ammunition,ShotshellUnit,ShotshellType,A unit of ammunition that may contain a single projectile or multiple projectiles/pellets. Generally designed to be fired from shotguns.,Initial refinement completed. Pending Tiger Team review.,
wadCategory,string,"A felt, paper, cardboard, or plastic component used in a shotshell for various purposes.",shotshell,,,,Needs to be refined by Tiger Team.,
cartridge,object,"A single unit of ammunition consisting of the cartridge case, primer, propellant, and with or
without one or more projectile(s). ",ammunition,CartridgeUnit,CartridgeType,"A single unit of ammunition consisting of the cartridge case, primer, propellant, and with or without one or more projectile(s). ",Initial refinement completed. Pending Tiger Team review.,
primer,object,The ignition component of a cartridge.,cartridge,CartridgePrimer,CartridgePrimerType,The ignition component of a cartridge.,Initial refinement completed. Pending Tiger Team review.,
primerCategory,string,Category of primer for a particular cartridge,primer,,,,Needs to be refined by Tiger Team.,
seatingDepth,string,The longitudinal position of a bullet or primer in a cartridge case or a wad in a shotshell.,"primer, bullet, shotshell",SeatingDepthPosition,nc : TextType,The longitudinal position of a bullet or primer in a cartridge case or a wad in a shotshell.,Initial refinement completed. Pending Tiger Team review.,
caliber,string,"(1) A term used to designate the specific cartridge for which a firearm is chambered.
(2) In firearms, caliber is the approximate diameter of the circle formed by the tops of the
lands of a rifled barrel, typically expressed in hundredths of an inch (38 caliber) or
millimeters (9mm caliber).
(3) In ammunition, caliber is a numerical term, without the decimal point, included in a
cartridge name to indicate the nominal bullet diameter.",cartridge,usmtf:WeaponCaliberText, usmtf : WeaponCaliberType,A size of a weapon.,Mapped to existing NIEMOpen attribute.,
cartridgeCategory,string,Category of cartridge for a particular firearm,cartridge,CartridgeCategoryCode,xs:string,A kind of cartridge used for a particular firearm.,Initial refinement completed. Pending Tiger Team review.,
cartridgeCase,object,"The container for all the other components which comprise a cartridge. Serves as a gas seal during
the firing of a cartridge.",firearmsIdentification,CartridgeCaseDescription,CartridgeCaseType,A container for all the other components which comprise a cartridge. ,Initial refinement completed. Pending Tiger Team review.,
cartridgeCaseCapacity,string,"The amount by weight, in grains of water, of a particular type of powder that can be inserted in a
cartridge case with the bullet fully seated, without compressing the powder charge.",cartridgeCase,CartridgeCaseCapacityValue,nc:ValueType,"The amount by weight, in grains of water, of a particular type of powder that can be inserted in a cartridge case with the bullet fully seated, without compressing the powder charge.",Initial refinement completed. Pending Tiger Team review.,
cartridgeCaseHeadClearance,string,"The distance between the head of a fully seated cartridge and the face of the breech bolt when the
action is locked.",cartridgeCase,CartridgeCaseHeadClearanceValue,nc:ValueType,The distance within a firearm between the head of a fully seated cartridge and the face of the breech bolt when the action is locked.,Initial refinement completed. Pending Tiger Team review.,
cartridgeCaseHeadExpansion,string,An enlargement of the head diameter upon firing.,cartridgeCase,CartridgeCaseHeadExpansionValue,nc:TextType,A description of the enlargement of a cartridge case's  head diameter upon firing.,Initial refinement completed. Pending Tiger Team review.,
cartridgeCaseHeadSeparation,string,A 360 degree circumferential rupture of a cartridge case. Also known as cartridge case separation.,cartridgeCase,CartridgeCaseHeadSeparation,nc:TextType,"A description of a 360 degree circumferential rupture of a cartridge case, also known as cartridge case separation.",Initial refinement completed. Pending Tiger Team review.,
cartridgeCaseLength,string,The dimension of a cartridge case from the face of the head to the mouth of the cartridge case.,cartridgeCase,CartridgeCaseLengthValue,nc:ValueType,The dimension of a cartridge case from the face of the head to the mouth of the cartridge case.,Initial refinement completed. Pending Tiger Team review.,
cartridgeCaseLife,string,An expression of the number of times a cartridge case can be reloaded and fired.,cartridgeCase,CartridgeCaseLifeValue,niem-xs : integer,The number of times a cartridge case can be reloaded and fired.,Initial refinement completed. Pending Tiger Team review.,
cartridgeCaseSizing,string,"The reduction in diameter of a cartridge case by forcing it into a die of smaller diameter than the
case.",cartridgeCase,CartridgeCaseSizingValue,nc:ValueType,A reduction in diameter of a cartridge case caused by forcing it into a die of smaller diameter than the case.,Initial refinement completed. Pending Tiger Team review.,
cartridgeCaseStretching,string,The elongation of the body of a cartridge case during firing.,cartridgeCase,CartridgeCaseStretching,nc : TextType,A description of the elongation of the body of a cartridge case during firing.,Initial refinement completed. Pending Tiger Team review.,
crimpCategory,string,"The inward shaping of the mouth of a cartridge case or shotshell to secure the projectile(s).
Crimps are categorized as follows: roll, star or rose, fold, stab, semi-circular, or split ring and
possibly others. Crimps may also be used to retain primers in primer pockets.",cartridgeCase,CrimpCategoryCode,CrimpCategoryCodeType,A category of cartridge case or shotshell crimping used to secure projectile(s). ,Initial refinement completed. Pending Tiger Team review.,
headstamp,string,"Numerals, letters, and symbols (or a combination thereof) stamped into the head of a cartridge
case or shotshell to identify the manufacturer, caliber, gauge, or other additional information.",cartridgeCase,HeadstampText,nc : TextType,"Numerals, letters, and symbols (or a combination thereof) stamped into the head of a cartridge case or shotshell to identify the manufacturer, caliber, gauge, or other additional information.",Initial refinement completed. Pending Tiger Team review.,
neckClearance,string,The dimensional difference between the diameter of the neck of a loaded cartridge case and the chamber.,cartridgeCase,NeckClearanceMeasure,nc : MeasureType,The dimensional difference between the diameter of the neck of a loaded cartridge case and the chamber.,Initial refinement completed. Pending Tiger Team review.,
neckTension,string,"The circumferential stress that the case neck exerts on the seated bullet, as a result of the fit
provided by inside diameter of the case neck and the outside diameter of the bullet.",cartridgeCase,NeckTensionMeasure,nc : MeasureType,"The circumferential stress that the case neck exerts on the seated bullet, as a result of the fit provided by inside diameter of the case neck and the outside diameter of the bullet.",Initial refinement completed. Pending Tiger Team review.,
neckThickness,string,Average thickness of the wall of a cartridge case surrounding the bullet.,cartridgeCase,NeckThicknessMeasure,nc : MeasureType,Average thickness of the wall of a cartridge case surrounding a bullet.,Initial refinement completed. Pending Tiger Team review.,
rupture,string,Information about a separation in the side wall of a cartridge case.,"cartridgeCase, shotshell",RuptureDescription,nc : TextType,Information about a separation in the side wall of a cartridge case.,Initial refinement completed. Pending Tiger Team review.,
defect,string,Information about a defect present in a cartrige case,"cartridgeCase, shotshell",j:ProgramDefectFindingText,nc : TextType,A finding of a defect or condition that did not meet the standard during the inspection.,Mapped to existing NIEMOpen attribute.,
cartridgeDesignationMetric,string,"Cartridges that are identified by their nominal bullet diameter and cartridge case length, both of
which are given in millimeters (e.g., 9x19mm, 7.62x39mm, 9x18mm, etc.).",cartridge,MetricCartridgeDesignation,xs:string,"Nominal bullet diameter and cartridge case length, given in millimeters.",Initial refinement completed. Pending Tiger Team review.,
caseTaper,string,The gradual reduction in diameter of a cartridge case from head to shoulder or mouth.,cartridge,CaseTaperResults,xs:string,The gradual reduction in diameter of a cartridge case from head to shoulder or mouth.,Initial refinement completed. Pending Tiger Team review.,
loadingDensity,string,The percentage of the measured volume of propellant compared with the available cartridge case volume.,cartridge,LoadingDensityPercent,nc : PercentType,The percentage of the measured volume of propellant compared with the available cartridge case volume.,Initial refinement completed. Pending Tiger Team review.,
load,string,The combination and quantity of components used to assemble a cartridge or shotshell.,cartridge,AmmunitionLoadDescriptionText,nc : TextType,A description of the combination and quantity of components used to assemble a cartridge or shotshell.,Initial refinement completed. Pending Tiger Team review.,
charge,object,"The amount, by weight, of a component of a cartridge (e.g., priming weight, propellant weight,
shot weight).","cartridge, gunshotResidues",ChargeWeightMeasure,nc:WeightMeasureType,"The amount, by weight, of a component of a cartridge (e.g., priming weight, propellant weight, shot weight).",Initial refinement completed. Pending Tiger Team review.,
powderCharge,string,The amount of gunpowder by weight in a cartridge or shotshell.,"charge, gunshotResidues",,,,Needs to be refined by Tiger Team.,
maximumCharge,string,"The greatest charge weight, in grains, of a particular propellant that may be used with specified ammunition components without exceeding the safe, maximum, allowable pressure limit for the specific cartridge or shotshell being loaded.",charge,,,,Needs to be refined by Tiger Team.,
nominalCharge,string,A typical charge weight of a specific powder for a specific combination of components.,charge,,,,Needs to be refined by Tiger Team.,
primingWeight,string,Priming charge of a cartridge,charge,,,,Needs to be refined by Tiger Team.,
shotWeight,string,Shot charge of a cartridge,charge,,,,Needs to be refined by Tiger Team.,
propellant,object,"In a firearm, the chemical composition that generates gas when ignited by the primer. The gas
propels the projectile(s). Also known as gunpowder.",cartridge,usmtf:PropellantCode,usmtf:PropellantCodeType,A specific type of propellant.,Mapped to existing NIEMOpen attribute.,
burningRate,string,"A term used to describe the relative quickness of deflagration of a given powder as compared to a
known standard. Burning rate is extremely important in determining a powder’s suitability for a given cartridge.","propellant, gunshotResidues",BurningRateValue,nc:ValueType,Measurement of the relative quickness of deflagration of a given powder as compared to a known standard.,Initial refinement completed. Pending Tiger Team review.,
dramEquivalent,string,"The accepted method of correlating relative velocities of shotshells loaded with smokeless
propellant to shotshells loaded with black powder.",propellant,DramEquivalentMeasure,nc : MeasureType,A measure of correlated relative velocities of a shotshell loaded with smokeless propellant to a shotshell loaded with black powder.,Initial refinement completed. Pending Tiger Team review.,
adapterCategory,string,"A device used to alter the use or function of a firearm. The most general use of an adapter
permits using smaller caliber ammunition in a firearm designed for a larger caliber. May also be
referred to as an auxiliary cartridge, auxiliary chamber, or subcaliber device.",firearmsIdentification,FirearmAdapterCategoryText,nc : TextType,A kind of device used to alter the use or function of a firearm. ,Initial refinement completed. Pending Tiger Team review.,
barrel,object,"The part of a firearm through which a projectile or shot charge travels under the impetus of powder gasses, compressed air, or other like means.",firearmsIdentification,FirearmBarrel,FirearmBarrelType,The part of a firearm through which a projectile or shot charge travels.,Initial refinement completed. Pending Tiger Team review.,
barrelCategory,string,Category of barrel for a particular firearm,barrel,FirearmBarrelCategoryCode,FirearmBarrelCategoryCodeType,A category type of barrel for a particular firearm.,Initial refinement completed. Pending Tiger Team review.,
barrelArrangement,string,"The relationship to each other, in which multiple barrel systems are positioned in forearms (e.g.,
over and under, side-by-side, etc.).",barrel,FirearmBarrelArrangementCode,FirearmBarrelArrangementCodeType,The code categorizing the relationship of multiple barrel positioning.,Initial refinement completed. Pending Tiger Team review.,
barrelDegradation,string,Degradation of bore and chamber surface condition due to chemical reaction.,barrel,FirearmBarrelDegradationMeasure,nc:Measuretype,A measure of the degradation of bore and chamber surface condition due to chemical reaction.,Initial refinement completed. Pending Tiger Team review.,
barrelDiameter,string,The outside dimension of a barrel at any given point.,barrel,FirearmBarrelDiameterMeasure,nc:Measuretype,The outside dimension of a barrel at any given point.,Initial refinement completed. Pending Tiger Team review.,
barrelLength,string,"The distance between the muzzle end of the barrel and the face of the closed breechblock or bolt. On revolvers, it is the overall length of the barrel including the threaded portion within the frame. Barrel length normally should include compensators, flash hiders, etc., if permanently affixed.",barrel,j:FirearmBarrelLengthMeasure,nc : LengthMeasureType,A measurement of the length of the tube of a firearm from which a projectile is expelled.,Mapped to existing NIEMOpen attribute.,
barrelLife,string,Refers to the total number of rounds that have been fired in a barrel or the total number of rounds fired in a barrel before it becomes unserviceable.,barrel,FirearmBarrelRoundsFiredValue,nc:Quantity,"A total number of rounds that have been fired in a barrel, or a total number of rounds fired in a barrel before it becomes unserviceable.",Initial refinement completed. Pending Tiger Team review.,
barrelObstruction,string,"Any foreign object or lodged bullet in the bore of a barrel which prevents unhindered passage of
projectile(s) when fired. Also known as a bore obstruction.",barrel,FirearmBarrelObstructionDescription,nc:TextType,Any foreign object or lodged bullet in the bore of a barrel which prevents unhindered passage of projectile(s) when fired. Also known as a bore obstruction.,Initial refinement completed. Pending Tiger Team review.,
barrelStep,string,An abrupt change in the exterior of a barrel’s contour or diameter.,barrel,FirearmBarrelStepDescription,nc:TextType,An abrupt change in the exterior of a barrel’s contour or diameter.,Initial refinement completed. Pending Tiger Team review.,
barrelTime,string,"The elapsed time from the contact of a firing pin with a cartridge primer to the emergence of the
projectile(s) from the muzzle of the firearm.",barrel,FirearmBarrelFiringDurationValue,nc:DurationValue,The elapsed time from the contact of a firing pin with a cartridge primer to the emergence of the projectile(s) from the muzzle of the firearm.,Initial refinement completed. Pending Tiger Team review.,
barrelWeight,string,"A separate weight attached to a regular barrel to change balance. A term for the size designation
of barrel diameter (e.g., Winchester High Wall number 3 barrel).",barrel,FirearmBarrelWeightMeasure,nc:WeightMeasureType,"A separate weight attached to a regular barrel to change balance. A term for the size designation of barrel diameter (e.g., Winchester High Wall number 3 barrel).",Initial refinement completed. Pending Tiger Team review.,
grooveDiameter,string,The major diameter of a barrel which is the diameter of a circle circumscribing the bottom of the grooves in a rifled barrel.,barrel,FirearmGrooveDiameterMeasure,nc : MeasureType,The major diameter of a barrel which is the diameter of a circle circumscribing the bottom of the grooves in a rifled barrel.,Initial refinement completed. Pending Tiger Team review.,
bore,object,The interior of a barrel forward of the chamber.,barrel,FirearmBoreDecriptionText,nc:TextType,The interior of a barrel forward of the chamber.,Initial refinement completed. Pending Tiger Team review.,
boreDiameter,string,"(1) In rifled barrels, it is the distance across the center of the barrel from the top of one land
to the top of the opposite land.
(2) In shotguns or muskets, it is the distance across the center of the barrel forward of the
chamber but before any restrictive choke or expanded muzzle.",bore,j:FirearmBoreSizeText,string,A size of the inside diameter of a firearm barrel or bore.,Mapped to existing NIEMOpen attribute.,
brinellHardnessNumber,string,"Harness measurement of a metal or alloy determined by the Brinell Hardness Test, a system commonly used for measuring metals and alloys",firearmsIdentification,FirearmBrinellHardnessMeasurement,nc:MeasureType,"Hardness measurement of a metal or alloy determined by the Brinell Hardness Test, a system commonly used for measuring metals and alloys.",Initial refinement completed. Pending Tiger Team review.,
classCharacteristics,string,"Measurable features of a specimen which indicate a restricted group source. They result from
design factors and are determined prior to manufacture.","firearmsIdentification, toolmarks",SpecimanClassCharacteristicsText,nc:TextType,Measurable features of a specimen which indicate a restricted group source. ,Initial refinement completed. Pending Tiger Team review.,
cyclicRate,string,"The rate at which a succession of movements repeats itself. In an automatic firearm, it is usually
expressed in shots per minute that are theoretically possible to be fired, given an unlimited supply of ammunition.",firearmsIdentification,CyclicRateValue,nc:ValueType,"The rate at which a succession of movements repeats itself. In an automatic firearm, it is usually expressed in shots per minute that are theoretically possible to be fired, given an unlimited supply of ammunition.",Initial refinement completed. Pending Tiger Team review.,
cylinderGap,string,"In a revolver, the maximum space between the cylinder and the barrel. This space is typically
measured with the cylinder in the rearmost position. The cylinder gap is a source of high-energy gunshot residues with unique reconstructive value. Also known as cylinder-barrel gap.",firearmsIdentification,CylinderGapValue,nc:ValueType,"In a revolver, the maximum space between the cylinder and the barrel, typically measured with the cylinder in the rearmost position. ",Initial refinement completed. Pending Tiger Team review.,
ejectionPattern,string,The charting of where a particular firearm ejects fired cartridge cases or shotshells.,firearmsIdentification,FirearmEjectionPatternText,nc : TextType,A description of the charting of where a particular firearm ejects fired cartridge cases or shotshells.,Initial refinement completed. Pending Tiger Team review.,
firingPinProtrusion,string,The distance the firing pin protrudes from the breech face when in its forward most position.,firearmsIdentification,FiringPinProtrusionMeasure,nc : MeasureType,A distance that a firearm's firing pin protrudes from the breech face when in its forward most position.,Initial refinement completed. Pending Tiger Team review.,
generalRiflingCharacteristics,string,"The number, width, and direction of twist of the lands and grooves in a barrel of a given caliber
firearm.",firearmsIdentification,FirearmRiflingCharacteristicsText,nc : TextType,"A description of a firearm's rifling characteristics, including the number, width, and direction of twist of the lands and grooves in a barrel of a given caliber firearm.",Initial refinement completed. Pending Tiger Team review.,
headspace,string,"The distance from the face of the closed breech of a firearm to the surface in the chamber on
which the cartridge case seats.",firearmsIdentification,FirearmHeadspaceMeasure,nc : MeasureType,A measurement of the distance from the face of the closed breech of a firearm to the surface in the chamber on which the cartridge case seats.,Initial refinement completed. Pending Tiger Team review.,
ignitionBarrelTime,string,"The elapsed time from the contact of a firing pin with a cartridge primer to the emergence of the
projectile(s) from the muzzle of the firearm.",firearmsIdentification,FirearmIgnitionBarrelTime,niem-xs : time,An elapsed time from the contact of a firing pin with a cartridge primer to the emergence of a projectile(s) from the muzzle of a firearm.,Initial refinement completed. Pending Tiger Team review.,
ignitionTime,string,"The time interval between the impact of the striker or firing pin on the primer, and a rise in
pressure sufficient to start the bullet from its seated position in the cartridge case. The elapsed
time from the moment of firing pin contact on the primer to the point on the x (time) axis equal to
the point where the pressure-time curve indicates propellant burning has initiated.",firearmsIdentification,FirearmIgnitionTime,niem-xs : time,"A time interval between the impact of a striker or firing pin on a cartridge primer, and a rise in pressure sufficient to start a bullet from its seated position in a cartridge case. ",Initial refinement completed. Pending Tiger Team review.,
individualCharacteristics,string,"Marks produced by the random imperfections or irregularities of tool surfaces. These random
imperfections or irregularities are produced incidental to manufacture and/or caused by use,
corrosion, or damage. They are unique to that tool to the practical exclusion of all other tools.","firearmsIdentification, toolmarks",,,,Needs to be refined by Tiger Team.,
knownNonMatchingToolmarks,string,"(1) Toolmarks known to have been made by different tools.
(2) Toolmarks produced by the same tool but deliberately placed in a non-matching position.",toolmarks,KnownNonMatchingToolmarksText,nc : TextType,"A description of any toolmarks known to have been made by different tools, or toolmarks produced by the same tool but deliberately placed in a non-matching position.",Initial refinement completed. Pending Tiger Team review.,
lockEnergy,string,The amount of energy delivered to the primer from the firing pin blow.,firearmsIdentification,FirearmLockEnergyValue,nc:ValueType,An amount of energy delivered to a primer from a firing pin blow.,Initial refinement completed. Pending Tiger Team review.,
lockTime,string,The time interval between sear release and the firing pin striking the primer.,firearmsIdentification,FirearmLockTime,niem-xs : time,A time interval between sear release and the firing pin striking the primer.,Initial refinement completed. Pending Tiger Team review.,
magazineCategory,string,"(1) A secure storage place for gunpowder, ammunition, or explosives.
(2) A container for cartridges which has a spring and follower to feed those cartridges into
the chamber of a firearm. The magazine may be detachable or an integral part of the
firearm.",firearmsIdentification,FirearmMagazineCategoryText,nc : TextType,A kind of magazine used in a firearm.,Initial refinement completed. Pending Tiger Team review.,
meanRadius,string,"A method used to measure ammunition and/or firearm accuracy capability. To determine the
mean radius, the center of the group is located and the distance to the center of each shot from the group center is measured and recorded. The sum of these measurements divided by the number of shots is the mean radius.",firearmsIdentification,,,,Needs to be refined by Tiger Team.,
minuteOfAngle,string,"An angular measurement method used to describe accuracy capability. A minute of angle is one sixtieth of a degree. It subtends 1.047 inches at 100 yards, which for practical shooting purposes
is considered to be one inch. A minute of angle group, therefore, equals one inch at 100 yards,
two inches at 200 yards, etc. At 8” for example, it is approximately .002”.","firearmsIdentification, sightAndScope",usmtf:CentiminuteAngularValue,usmtf : Integer00To99Type,A value for one of 100 equal parts of a minute of angle.,Mapped to existing NIEMOpen attribute.,
obliqueAngle,string,Any angle other than perpendicular or parallel.,firearmsIdentification,,,,Needs to be refined by Tiger Team.,
overallLength,string,"(1) For a firearm, it is the dimension measured parallel to the axis of the bore from the
muzzle to a line at a right angle to the axis and tangent to the rearmost point of the butt
plate or grip.
(2) For ammunition, it is the greatest dimension of a loaded cartridge. For centerfire and
rimfire cartridges, it is the measurement from the face of the head to the tip of the bullet.
For shotshells or blanks, it is the measurement from the face of the head to the crimp.
Overall length does not refer to the uncrimped length of a shotshell.","firearmsIdentification, ammunition",OverallLengthMeasure,nc:MeasureType,"For a firearm, the dimension measured parallel to the axis of the bore from the muzzle to a line at a right angle to the axis and tangent to the rearmost point of the butt plate or grip. For ammunition, the greatest dimension of a loaded cartridge. ",Initial refinement completed. Pending Tiger Team review.,
overtravel,string,"The distance a part travels after a particular event occurs in the normal operation of the firearm
(e.g., the rearward motion of the trigger after the sear or hammer release or the rearward motion of
a bolt beyond ejection, etc.).",firearmsIdentification,,,,Needs to be refined by Tiger Team.,
firearmPressure,object,The force developed in a firearm by the expanding gases generated by the combustion of the propellant.,firearmsIdentification,FirearmPressure,FirearmPressureType,A force developed in a firearm by the expanding gases generated by the combustion of a propellant.,Initial refinement completed. Pending Tiger Team review.,
averagePressure,string,The arithmetic mean of a number of cartridges tested for pressure.,firearmPressure,AverageCartridgePressureValue,nc:Quantity,The arithmetic mean of a number of cartridges tested for pressure.,Initial refinement completed. Pending Tiger Team review.,
chamberPressure,string,The pressure in a firearm generated by the expanding propellant gases after ignition. Normally measured by means of piezoelectric transducers or crusher gauges. Also known as breech pressure or barrel pressure.,firearmPressure,ChamberPressureValue,nc:ValueType,Amount of pressure in a firearm generated by the expanding propellant gases after ignition. ,Initial refinement completed. Pending Tiger Team review.,
peakPressure,string,The highest value that the chamber pressure reaches during the burning of propellant.,firearmPressure,,,,Needs to be refined by Tiger Team.,
residualPressure,string,The pressure level that remains in the cartridge case or shotshell within the firearm’s chamber and in the bore immediately after the projectile leaves the muzzle of the firearm.,firearmPressure,,,,Needs to be refined by Tiger Team.,
portPressure,string,"Applies only to gas operated firearms. The amount of pressure remaining in the bore as the bullet passes the gas port. If port pressures are too high, damage can result from the violent cycling of the action. It is important to understand that this can occur even when chamber pressures are within acceptable limits. Port pressure can be controlled by proper powder selection.",firearmPressure,,,,Needs to be refined by Tiger Team.,
copperUnitsOfPressure,string,"Relates to firearm discharge pressure measured by a copper crusher testing system. These values
provide a means of testing and evaluating peak pressure generated during the discharge of a
suitably modified firearm. Abbreviated: C.U.P.",firearmPressure,CopperUnitsOfPressureValue,nc:ValueType,"Amount of firearm discharge pressure measured by a copper crusher testing system, used to provide a means of testing and evaluating peak pressure generated during the discharge of a suitably modified firearm. ",Initial refinement completed. Pending Tiger Team review.,
proofMark,string,A stamp applied to a firearm after it has passed a proof test.,firearmsIdentification,,,,Needs to be refined by Tiger Team.,
consecutiveMatchingStriae,string,"A numerical tabulation of CMS runs. Typically, the number of CMS is designated by a number,
followed by the letter x (e.g., 2x, 3x, etc.).","firearmsIdentification, toolmarks",ConsecutiveMatchingStriaeRunValue,nc:ValueType,"A numerical tabulation of CMS runs, typically designated by a number, followed by the letter x (e.g., 2x, 3x, etc.).",Initial refinement completed. Pending Tiger Team review.,
conclusion,string,"Results of toolmark comparison, including objective observations that support the findings of toolmark examinations. Possible conclusions include: identification, inconclusive, elimination, and unsuitable","firearmsIdentification, toolmarks",ToolmarkComparisonConclusion,nc:TextType,"Results of toolmark comparison, including objective observations that support the findings of toolmark examinations. Possible conclusions include: identification, inconclusive, elimination, and unsuitable.",Initial refinement completed. Pending Tiger Team review.,JS: This concept is not specific to the cbrn domain. A NIEM core or Forensics element would be better. 
recoilEnergy,string,"The force of the firearm’s movement opposite to the direction of the bullet, usually expressed in
foot-pounds (ft-lbs) or joules (J).",firearmsIdentification,,,,Needs to be refined by Tiger Team.,
recoilOperation,string,"Category of mechanism in which the force of recoil is used to unlock the breech bolt and then to complete the cycle of extracting, ejecting, and reloading.",firearmsIdentification,,,,Needs to be refined by Tiger Team.,
rifling,object,"Helical grooves cut or impressed into the bore of a firearm barrel to impart rotary motion to a
projectile when fired.",firearmsIdentification,,,,Needs to be refined by Tiger Team.,
riflingPitch,string,"The angle at which the rifling is cut in relationship to the axis of the bore. It is usually stated as
the number of inches required for one revolution, for example one turn in 12 inches. Also known
as rate of twist.",rifling,,,,Needs to be refined by Tiger Team.,
riflingTwist,string,"The direction (right or left) and rate at which the rifling of the firearm turns within the bore. This
is normally expressed as the distance required for the rifling (and projectile) to make one complete
revolution. Depending on the origin of the firearm, this may be written in inches or in millimeters (e.g., 1 turn in 12 inches or 1 turn in 305 mm).",rifling,,,,Needs to be refined by Tiger Team.,
manuallyOperatedSafetyCategory,string,"Category of manual safety mechanism for a firearm (ex: cross bolt, grip, lever, etc.)",firearmsIdentification,,,,Needs to be refined by Tiger Team.,
weaponSerialNumber,integer,A number applied to a weapon for identification purposes.,"firearmsIdentification, serialNumberRestoration",usmtf:WeaponSerialNumberID,usmtf : WeaponSerialNumberType ,An identifier for an individual weapon.,Mapped to existing NIEMOpen attribute.,
projectile,object,"An object propelled by external force and continuing in motion by its own inertia (e.g., a bullet propelled from a firearm by the force of rapidly burning gases or other means).",firearmsIdentification,,ProjectileType,,Needs to be refined by Tiger Team.,
shockingPower,string,The ability of a projectile to dissipate its kinetic energy effectively into a target.,projectile,,,,Needs to be refined by Tiger Team.,
coefficientOfForm,integer,A numerical term indicating the general profile of a projectile.,projectile,CoefficientOfFormValue,nc:ValueType,A numerical term indicating the general profile of a projectile.,Initial refinement completed. Pending Tiger Team review.,
effectiveRange,number,The maximum distance at which a projectile can be expected to be useful in its intended purpose.,projectile,usmtf:EffectiveRangeValue,decimal,"A distance along a specific line from a known or observed point within which a system or platform can operate effectively, in the range 1 through 99999 or in the range 0.1 through 999.9.",Mapped to existing NIEMOpen attribute.,
bulletEnergy,string,"The capacity of a projectile to do work in flight. The units are typically expressed as foot-pounds,
joules, or kilogram-meters. Also known as projectile energy.",projectile,BulletEnergyValue,nc:ValueType,"The capacity of a projectile to do work in flight, expressed in  foot-pounds, joules, or kilogram-meters; also known as projectile energy.",Initial refinement completed. Pending Tiger Team review.,
muzzleEnergy,string,The energy of a fired projectile(s) measured at the muzzle of a firearm.,projectile,,,,Needs to be refined by Tiger Team.,
terminalEnergy,string,The energy of a projectile(s) measured at the point of impact.,projectile,,,,Needs to be refined by Tiger Team.,
airResistance,string,"The force placed on an object by the atmosphere in opposition to forward motion. Also known as
aerodynamic drag.",projectile,AirResistanceDragForceAmount,niem-xs:string,The amount of aerodynamic drag force placed on an object by the atmosphere in opposition to forward motion. ,Initial refinement completed. Pending Tiger Team review.,
altitudeEffect,string,"The effect on velocity, and therefore projectile trajectory and shot pattern, caused by changes in
atmospheric density due to altitude.",projectile,ProjectileTrajectoryAltitudeEffect,xs:string,A data object used to measure the effect of altitude on firing results.,Initial refinement completed. Pending Tiger Team review.,
maximumRange,string,"The greatest distance a projectile can travel when fired at the optimum angle of elevation of the
barrel. Also known as extreme range.",projectile,,,,Needs to be refined by Tiger Team.,
speedOfRotation,string,The rate of spin of a projectile fired from a rifled barrel. ,projectile,usmtf:RotationalSpeedValue, usmtf : Decimal0To99999ZeroToFourFractionDigitsType,"A rotational speed in seconds per revolution (SPR), in the range 0 through 99999 or any combination of four or fewer digits and a significant decimal point (pt). There is a 5-character maximum (max).",Mapped to existing NIEMOpen attribute.,
timeOfFlight,number,The total elapsed time that a projectile requires to travel a specific distance from the muzzle.,projectile,usmtf:TimeOfFlightDuration,decimal,"A time that a projectile takes to travel from the weapon to the target (time of flight), expressed to the nearest tenth of a second.",Mapped to existing NIEMOpen attribute.,
bullet,object,A non-spherical projectile for use in a rifled barrel,,FirearmBullet,ProjectileType,A non-spherical projectile for use in a rifled barrel.,Initial refinement completed. Pending Tiger Team review.,
bulletCategory,string,Category of bullet for a particular firearm,bullet,FirearmBulletCategoryText,nc:TextType,A kind of bullet for a particular firearm.,Initial refinement completed. Pending Tiger Team review.,
bulletDiameter,string,The maximum dimension across the largest cylindrical section of a bullet.,bullet,FirearmBulletDiameterMeasure,nc:MeasureType,A measure of the maximum dimension across the largest cylindrical section of a bullet.,Initial refinement completed. Pending Tiger Team review.,
bulletJump,string,"The distance that a bullet must travel from its position at rest in the cartridge case to its initial
engagement with the rifling of the barrel. Also known as free travel.",bullet,FirearmBulletJumpDistanceMeasure,nc:MeasureType,The distance that a bullet must travel from its position at rest in the cartridge case to its initial engagement with the rifling of the barrel; also known as free travel.,Initial refinement completed. Pending Tiger Team review.,
bulletPenetration,string,The distance which a projectile travels in a target material.,"bullet, pellet",FirearmBulletPenetrationMeasure,nc:MeasureType,The distance which a bullet travels in a target material.,Initial refinement completed. Pending Tiger Team review.,
bulletPull,string,The force required to pull a bullet from the case mouth. Also referred to as neck tension.,bullet,BulletPullValue,nc:ValueType,The force required to pull a bullet from the case mouth; also referred to as neck tension.,Initial refinement completed. Pending Tiger Team review.,
bulletPush,string,The force required to shorten a cartridge by pushing on the bullet.,bullet,BulletPushValue,nc:ValueType,The force required to shorten a cartridge by pushing on the bullet.,Initial refinement completed. Pending Tiger Team review.,
bulletRecoverySystem,string,"Any method that will allow the recovery of a fired, undamaged bullet. Different systems are needed for various cartridges depending on bullet composition, jacket thickness, and velocity. Water tanks and cotton boxes are most commonly used.",bullet,BulletRecoverySystem,nc:TextType,"Method used that will allow the recovery of a fired, undamaged bullet.",Initial refinement completed. Pending Tiger Team review.,
bulletShearing,string,The cutting of metal from a bullet due to a cylinder misalignment in a revolver. Also known as shaving.,bullet,BulletShearingDescriptionText,nc:TextType,A description of the cutting of metal from a bullet due to a cylinder misalignment in a revolver; also known as shaving.,Initial refinement completed. Pending Tiger Team review.,
bulletSpin,string,The rotational motion imparted to a bullet by the rifling in the barrel.,bullet,BulletSpinValue,nc:ValueType,Measurement of the rotational motion imparted to a bullet by the rifling in the barrel.,Initial refinement completed. Pending Tiger Team review.,
bulletSplash,string,"The spatter and fragmentation of a bullet upon impacting a hard surface. Also known as lead
splash.",bullet,BulletSplashArea,xs:string,Measurement of the area of spatter and fragmentation of a bullet upon impacting a hard surface; also known as lead splash.,Initial refinement completed. Pending Tiger Team review.,
bulletStretch,string,Elongation of the bullet during firing.,bullet,BulletStretchDescriptionText,nc: TextType,Description of any elongation of a bullet that occurred during firing.,Initial refinement completed. Pending Tiger Team review.,
bulletUpset,string,"(1) In interior ballistics, it is the change of a bullet’s form due to chamber pressure.
(2) In exterior ballistics, it is the expansion of a bullet upon impact with target.",bullet,BulletUpsetDescriptionText,nc: TextType,Description of a change in a bullet's form due to chamber pressure or upon impact with a target.,Initial refinement completed. Pending Tiger Team review.,
bulletYaw,string,"An instability caused by the eccentricity or imbalance of the bullet in flight. Yaw is usually the
greatest in the initial portion of its flight in the atmosphere after which the bullet “goes to sleep”
and becomes fully spin-stabilized. Yaw may also occur after an elongated bullet strikes an object
or when it enters media other than the atmosphere. Also known as bullet tipping or bullet wobble.",bullet,BulletYawResult,xs:string,A measure of the instability caused by the eccentricity or imbalance of a bullet in flight; also known as bullet tipping or bullet wobble.,Initial refinement completed. Pending Tiger Team review.,
drift,string,"The deviation in flight of a bullet from the center line of the bore due to the gyrational spin of the
bullet imparted by the rifling.",bullet,BulletDrift,nc : ValueType,The deviation in flight of a bullet from the center line of the bore due to the gyrational spin of the bullet imparted by the rifling.,Initial refinement completed. Pending Tiger Team review.,
sectionalDensity,integer,The ratio of the weight of a bullet in pounds to the square root of its diameter in inches.,bullet,BulletSectionalDensityMeasure,nc : MeasureType,The ratio of the weight of a bullet in pounds to the square root of its diameter in inches.,Initial refinement completed. Pending Tiger Team review.,
pellet,object,The common name for the spherical projectiles loaded into shotshells. Also known as shot.,,,ProjectileType,,Needs to be refined by Tiger Team.,
shotCategory,string,Category of shot for a particular shotshell,pellet,,,,Needs to be refined by Tiger Team.,
shotColumn,string,The length of the shot load in a shotshell.,pellet,,,,Needs to be refined by Tiger Team.,
shotSize,string,"A numerical or letter(s) designation indicating the average diameter of a pellet. The Rule of 17 is
an equation that can be applied to American, numerical shot sizes to determine the average shot diameter in hundredths of an inch.",pellet,,,,Needs to be refined by Tiger Team.,
shotSpread,string,The diameter of a shot pattern.,pellet,,,,Needs to be refined by Tiger Team.,
velocity,object,The speed of a projectile at a given point along its trajectory.,projectile,nc:VelocityMeasure,nc : VelocityMeasureType,A measure of the rate of change of position along a straight line with respect to time.,Mapped to existing NIEMOpen attribute.,
instrumentalVelocity,string,The velocity of a projectile(s) that is recorded by suitable instrumentation located at a predetermined distance from the muzzle of a test barrel or a firearm.,projectile,InstrumentalVelocityMeasure,nc : VelocityMeasureType,A measure of the velocity of a projectile that is recorded by suitable instrumentation located at a predetermined distance from the muzzle of a test barrel or a firearm.,Initial refinement completed. Pending Tiger Team review.,
muzzleVelocity,string,The velocity of a projectile as it exits the muzzle of a firearm,projectile,,,,Needs to be refined by Tiger Team.,
remainingVelocity,string,The velocity of a projectile at any point of its trajectory.,projectile,,,,Needs to be refined by Tiger Team.,
strikingVelocity,string,The velocity of a projectile upon impact.,projectile,,,,Needs to be refined by Tiger Team.,
summitVelocity,string,The velocity of a projectile at the highest point of the trajectory.,projectile,,,,Needs to be refined by Tiger Team.,
terminalVelocity,string,"In small arms ballistics, it is the constant speed of a projectile after air drag and gravitation pull have reached the point where the two forces cancel each other’s effect on the projectile",projectile,,,,Needs to be refined by Tiger Team.,
extremeSpread,string,The distance between the centers of the two shots which are the farthest apart in a group of shots on a target.,firearmsIdentification,FirearmsExtremeSpreadMeasure,nc : MeasureType,A measurement of the distance between the centers of the two shots which are the farthest apart in a group of shots on a target.,Initial refinement completed. Pending Tiger Team review.,
shootingDistance,string,Distance between the muzzle of a weapon and the target,firearmsIdentification,,,,Needs to be refined by Tiger Team.,
stock,object,"The wood or plastic component(s) to which the metal parts of a firearm are attached to enable the
shooter to hold the firearm.",firearmsIdentification,,,,Needs to be refined by Tiger Team.,
stockCategory,string,Category of stock for a particular firearm,stock,,,,Needs to be refined by Tiger Team.,
stockDimensions,object,"General stock dimensions consist of the following: cast, drop at comb, drop at Monte Carlo, drop
at heel, girth, length of pull and pitch.",stock,,,,Needs to be refined by Tiger Team.,
cast,string,The lateral displacement of the centerline of the buttplate (pad) from the centerline of the bore.,stockDimensions,CastDisplacementResult,xs:string,The lateral displacement of the centerline of a firearm's buttplate or pad from the centerline of the bore.,Initial refinement completed. Pending Tiger Team review.,
drop,string,"The vertical distance from the line of sight to the comb, Monte Carlo, or heel of the stock.",stockDimensions,DropDistance,nc : MeasureType,"The vertical distance from the line of sight to the comb, Monte Carlo, or heel of the stock.",Initial refinement completed. Pending Tiger Team review.,
girth,string,The smallest circumferential dimension at the pistol grip.,stockDimensions,FirearmsGirthMeasure,nc : MeasureType,A measurement of the smallest circumferential dimension at the pistol grip.,Initial refinement completed. Pending Tiger Team review.,
lengthOfPull,string,The distance from the center of the trigger to the center of the buttplate or recoil pad.,stockDimensions,FirearmPullLengthMeasure,nc : MeasureType,A measure of the distance from the center of a firearm's trigger to the center of the buttplate or recoil pad.,Initial refinement completed. Pending Tiger Team review.,
lengthOfStock,string,The greatest dimension of the stock material.,stockDimensions,FirearmStockLengthMeasure,nc : MeasureType,A measure of the greatest dimension of a firearm's stock material.,Initial refinement completed. Pending Tiger Team review.,
shotgunPitch,string,An expression used to indicate the relationship of the bore to the plane of the buttplate (pad).,stockDimensions,,,,Needs to be refined by Tiger Team.,
subclassCharacteristics,string,Features that may be produced during manufacture that are consistent among items fabricated by the same tool in the same approximate state of wear. These features are not determined prior to manufacture and are more restrictive than class characteristics.,"firearmsIdentification, toolmarks",,,,Needs to be refined by Tiger Team.,
temperatureOfIgnition,string,"The lowest temperature to which the surface of material must be raised for the combustion of the
material to become self-sustaining.","firearmsIdentification, gunshotResidues",m:HazmatDeclarationFlashPointMeasure,nc:TemperatureMeasureType,A measure of the lowest temperature at which a hazardous material can form an ignitable mixture in air.,Mapped to existing NIEMOpen attribute.,
trigger,object,The part of a firearm mechanism that is moved manually to cause the firearm to discharge.,firearmsIdentification,,,,Needs to be refined by Tiger Team.,
triggerCategory,string,Category of trigger for a particular firearm,trigger,,,,Needs to be refined by Tiger Team.,
triggerTakeup,string,"The initial distance the trigger moves prior to sear movement. Also known as pretravel and trigger
slack.",trigger,,,,Needs to be refined by Tiger Team.,
triggerPull,string,The amount of force which must be applied to the trigger of a firearm to cause sear release,trigger,,,,Needs to be refined by Tiger Team.,
toolmarks,object,"Toolmark identification is a discipline of forensic science which has as its primary concern to
determine if a toolmark was produced by a particular tool.",firearmsIdentification,,,,Needs to be refined by Tiger Team.,
impressedToolmark,string,Information describing contour variations on the surface of an object caused by a combination of force and motion where the motion of the tool is approximately perpendicular to the plane being marked.,toolmarks,ImpressedToolmarkText,nc : TextType,"A description of contour variations on the surface of an object caused by a combination of force and motion, where the motion of the tool is approximately perpendicular to the plane being marked.",Initial refinement completed. Pending Tiger Team review.,
striatedToolmark,string,"Information describing contour variations, generally microscopic, on the surface of an object caused by a combination of force and motion where the motion of the tool is approximately parallel to the plane being marked.",toolmarks,,,,Needs to be refined by Tiger Team.,
indexMark,string,"A line on each of two mating parts which must be an extension of each other when assembled to
indicate proper alignment. Also known as draw mark, draw line, or witness mark.",toolmarks,IndexMarkText,nc : TextType,A description of a line on each of two mating parts which must be an extension of each other when assembled to indicate proper alignment. ,Initial refinement completed. Pending Tiger Team review.,
toolCategory,string,"An object used to gain mechanical advantage. Also thought of as the harder of two objects which,
when brought into contact with each other, results in the softer object being marked by the harder object.",toolmarks,j:ToolDeviceCategoryCode,ndex : ToolDeviceCategoryCodeType,A kind of tool.,Mapped to existing NIEMOpen attribute.,
testMark,string,"A striated or impressed toolmark produced by the suspect tool which is to be used in making a
comparison with the evidence mark.",toolmarks,,,,Needs to be refined by Tiger Team.,
gunshotResidues,object,"The total residues resulting from the discharge of a firearm. It includes both gunpowder and primer residues, plus metallic residues from projectiles, fouling, etc.",firearmsIdentification,GunshotResidues,,"The total residues resulting from the discharge of a firearm. It includes both gunpowder and primer residues, plus metallic residues from projectiles, fouling, etc.",Initial refinement completed. Pending Tiger Team review.,
brisance,string,A term describing the shattering power of high explosives.,gunshotResidues,BrisanceDetonationPowerMeasure,xs:MeasureType,Measure of the shattering power of high explosives.,Initial refinement completed. Pending Tiger Team review.,
bulletWipe,string,"The discolored area on the immediate periphery of a bullet hole, caused by the transfer of residues
from the bearing surface of the bullet.",gunshotResidues,BulletWipeDescriptionText,nc: TextType,"Description of the discolored area on the immediate periphery of a bullet hole, caused by the transfer of residues from the bearing surface of the bullet.",Initial refinement completed. Pending Tiger Team review.,
testsPerformed,string,Information about tests performed related to firearms and toolmarks ,"gunshotResidues, firearmsIdentification, toolmarks",,,,Needs to be refined by Tiger Team.,
gunpowderCategory,string,Any of various powders used as the propellant in a cartridge or shotshell,gunshotResidues,GunpowderCategoryText,nc : TextType,A kind of gunpowder used as the propellant in a cartridge or shotshell.,Initial refinement completed. Pending Tiger Team review.,
gunpowderPattern,string,The spatial distribution of gunpowder residues deposited upon a surface.,gunshotResidues,GunpowderPatternDescriptionText,nc : TextType,A description of the spatial distribution of gunpowder residues deposited upon a surface.,Initial refinement completed. Pending Tiger Team review.,
inhibitor,string,"A chemical used to retard or stop an undesirable reaction. In the manufacture of powder
propellants it is used to retard the burning rate.",gunshotResidues,InhibitorText,nc : TextType,A chemical used to retard or stop an undesirable reaction.,Initial refinement completed. Pending Tiger Team review.,
powderFouling,string,Gunpowder residue left in firearms after firing.,gunshotResidues,,,,Needs to be refined by Tiger Team.,
primerResidues,string,"The components of gunshot residue which contain elements which were originally part of the
primer mixture of a cartridge. The scanning electron microscope (SEM) with energy dispersive
X-Ray are used to analyze for some of the elements in primer residue, such as antimony, barium, and lead. Other methods that have been used for analyzing the elements of primer residue are neutron activation analysis (NAA) and atomic absorption (AA).",gunshotResidues,,,,Needs to be refined by Tiger Team.,
reagent,string,"A chemical used to react with another chemical, often to confirm or deny the presence of the second chemical.",gunshotResidues,ReagentText,nc : TextType,"A chemical used to react with another chemical, often to confirm or deny the presence of the second chemical.",Initial refinement completed. Pending Tiger Team review.,
smokeResidue,string,"The portion of gunpowder residue which consists essentially of carbon and leaves a black deposit
on a target surface when the muzzle of the firearm is very close to the target. Also known as
sooting and smudging.",gunshotResidues,,,,Needs to be refined by Tiger Team.,
serialNumberRestoration,object,"The application of scientific techniques used for the retrieval, recovery, and/or revisualization of
the manufacturer’s identifier",firearmsIdentification,,,,Needs to be refined by Tiger Team.,
hiddenSerialNumber,string,An additional manufacturer’s applied serial number not in plain view.,serialNumberRestoration,HiddenSerialNumberText,nc : TextType,An additional manufacturer’s applied serial number not in plain view.,Initial refinement completed. Pending Tiger Team review.,
methodOfObliteration,string,Method used to obliterate the serial number,serialNumberRestoration,,,,Needs to be refined by Tiger Team.,
personalMarking,string,"Any unique designation placed on an object by an owner, purchaser, or user for identification or
proof of ownership.",serialNumberRestoration,,,,Needs to be refined by Tiger Team.,
plasticDeformation,string,"Permanent change in the shape or size of a solid body without fracture resulting from the
application of a sustained stress beyond the elastic limit. May also be referred to as permanent
deformation.",serialNumberRestoration,,,,Needs to be refined by Tiger Team.,
serialNumberApplications,string,method used by the manufacturer to apply the serial number,serialNumberRestoration,,,,Needs to be refined by Tiger Team.,
serialNumberRestorationMethod,string,Method used to restore the serial number,serialNumberRestoration,,,,Needs to be refined by Tiger Team.,
serialNumberRestorationConclusion,string,"Result of serial number restoration; possible values are ""full restoration"", ""partial restoration"", and ""no restoration""",serialNumberRestoration,,,,Needs to be refined by Tiger Team.,
sightAndScope,object,Information related to a sight or scope associated with a firearm,firearmsIdentification,,,,Needs to be refined by Tiger Team.,
sightCategory,string,"Category of structures or devices, mechanical or optical, designed to assist in aiming a firearm at a target.",sightAndScope,,,,Needs to be refined by Tiger Team.,
scopeCategory,string,Category of an optical sight consisting of a series of lenses and a reticle which magnify a target and increase a shooter's accuracy in aiming; a terrestrial telescope equipped with a reticle that is superimposed on the field of view and automatically focuses on the image.,sightAndScope,,,,Needs to be refined by Tiger Team.,
bulletDrop,string,"The vertical distance a bullet has fallen, under the influence of gravity, at any point in its flight
path. The distance is measured from a point on its path to the straight line from the axis of the
bore to target.",sightAndScope,FirearmBulletDropDistanceMeasure,nc:MeasureType,"The vertical distance a bullet has fallen, under the influence of gravity, at any point in its flight path; Measured from a point on its path to the straight line from the axis of the bore to target.",Initial refinement completed. Pending Tiger Team review.,
eyeRelief,string,"The distance between a shooter’s eye and the ocular lens of a telescopic sight required for an
optimum field of view (FOV). Distance usually exceeds three inches. Also known as eye distance",sightAndScope,EyeReliefMeasure,nc : MeasureType,A measurement of the distance between a shooter’s eye and the ocular lens of a telescopic sight required for an optimum field of view (FOV). ,Initial refinement completed. Pending Tiger Team review.,
fieldOfView,string,"The widest dimension visible through a telescopic sight, measured in feet seen at a range of 100
yards. Field of View (FOV) decreases as the magnification power of a scope increases.",sightAndScope,usmtf:NarrowFieldOfViewKilometersMeasure,usmtf : Integer01To9999Type ,A narrow field of view reported in kilometers.,Mapped to existing NIEMOpen attribute.,
optimumMagnification,string,"The best possible enlargement of an image seen through a scope, obtained when the exit pupil is
equal in diameter to the pupil of a shooter’s eye.",sightAndScope,,,,Needs to be refined by Tiger Team.,
resolution,string,The clarity or freedom from distortion of an image transmitted through a scope.,sightAndScope,ScopeImageResolution,niem-xs : nonNegativeInteger,The clarity or freedom from distortion of an image transmitted through a scope.,Initial refinement completed. Pending Tiger Team review.,JS: This concept is not specific to the cbrn domain. A NIEM core or Forensics element would be better. 
sightRadius,string,The distance between the rear sight and the front sight on a firearm.,sightAndScope,,,,Needs to be refined by Tiger Team.,
suppressor,object,A device which reduces muzzle blast by decreasing the velocity of escaping gases but maintains a bullet’s high velocity.,firearmsIdentification,,,,Needs to be refined by Tiger Team.,
baffleStack,object,The complete collection of baffles that make up the interior of a suppressor.,suppressor,SuppressorInteriorBaffleStackDescription,nc:TextType,A description of the system of baffles that make up the interior of a suppressor.,Initial refinement completed. Pending Tiger Team review.,
bafflingSystem,object,"A series of baffles designed to restrict the passage of gas generated during the discharge of a
firearm.",baffleStack,FirearmBaffleSystemDescription,nc:TextType,A description of the system of multiple baffles designed to restrict the passage of gas generated during the discharge of a firearm.,Initial refinement completed. Pending Tiger Team review.,
baffleCategory,string,"Components of a suppressor - usually discs, washers, wafers, or some other material. These
components can be made of metal, rubber, cork, leather, or plastic and can be conical, flat, or
spiral in shape.","baffleStack, bafflingSystem",SuppressorBaffleComponentText,nc : TextType,Component(s) of a suppressor designed to restrict the passage of gas generated during the discharge of a firearm.,Initial refinement completed. Pending Tiger Team review.,
suppressorChamber,string,"Information about the entrance, middle, and/or exit chamber of a suppressor",suppressor,,,,Needs to be refined by Tiger Team.,
leq,string,"Equivalent continuous sound pressure level, or Leq, is the constant noise level that would result in the same total sound energy being produced over a given period.",suppressor,,,,Needs to be refined by Tiger Team.,
soundExposureLevel,string,"A sound level that is maintained for a one second interval and is equivalent to the total acoustic
energy generated by the measured noise.",suppressor,,,,Needs to be refined by Tiger Team.,
soundPressureLevel,integer,"The measure of variation in atmospheric pressure resulting in a sound level to which the ear
responds. Measured by a sound level meter in decibels.",suppressor,usmtf:MaximumSoundPressureDecibelsMeasure,usmtf : Integer3To4Digit-999To999Type,A maximum difference between the actual pressure at any point in the field of a sound wave at any instant and the average pressure at that point detected by remote ground sensor strings measured in decibels.,Mapped to existing NIEMOpen attribute.,
suppressorCategory,string,Category of a device which reduces muzzle blast by decreasing the velocity of escaping gases but maintains a bullet’s high velocity.,suppressor,,,,Needs to be refined by Tiger Team.,
firearmIgnitionSystem,string,Category of ignition system for a firearm,firearmsIdentification,FirearmIgnitionSystemText,nc : TextType,A name or description of a of firearm ignition system.,Initial refinement completed. Pending Tiger Team review.,
CemUID,string,Collected Exploitable Material Unique Identifier,exhibits,CemUID,niem-xs: string,A unique identifier for a piece of collected exploitable material (CEM).,Initial refinement completed. Pending Tiger Team review.,
