Original Attribute Name,Original Attribute Type,Original Attribute Definition,Parent Elements,NIEM Equivalent/Refined Attribute Name,NIEM Equivalent/Refined Attribute Type,NIEM Equivalent/Refined Attribute Definition,Status,Comments
caseDetails,object,Information about a case,,CaseDetails,CaseDetailsType,Information about a case.,Initial refinement completed. Pending Tiger Team review.,
caseNumber,string,A case number or case number pattern to match against,"caseDetails, supplementalMaterial",j:CaseNumberText,nc : TextType,"An identifying number for a case that this activity is a part of, where the case number belongs to the agency that owns the activity information.",Mapped to existing NIEMOpen attribute.,
incidentType,string,A single or delimited list of incident types to restrict the results to. ,caseDetails,j:IncidentGeneralCategoryText,nc : TextType,A general kind of an incident that occurred.,Mapped to existing NIEMOpen attribute.,
occurrenceTime,string,A full date and time.,caseDetails,nc:DateTime,niem-xs : dateTime,A full date and time.,Mapped to existing NIEMOpen attribute.,
labOriginator,string,A delimited list of lab case prefixes to restrict the results.,caseDetails,LabOriginator,nc : TextType,Lab case prefix(es) indicating the lab from which results originated.,Initial refinement completed. Pending Tiger Team review.,
reportSubmitter,string,A single or delimited list of submitter identifiers to restrict the returned results,caseDetails,nc:DocumentSubmitter,nc : EntityType,An entity responsible for making the resource available.,Mapped to existing NIEMOpen attribute.,
loc,object,"An object containing `lat` and `lon` coordinates, which will return documents with an incident in a specified radius",caseDetails,nc:Location ,nc : LocationType,A geospatial location.,Mapped to existing NIEMOpen attribute.,
lon,string,A value that specifies the degree of a longitude. The value comes from a restricted range between -180 (inclusive) and +180 (inclusive).,loc,nc:LongitudeDegreeValue,nc : LongitudeDegreeType,A value that specifies the degree of a longitude. The value comes from a restricted range between -180 (inclusive) and +180 (inclusive).,Mapped to existing NIEMOpen attribute.,
lat ,string,A value that specifies the degree of a latitude. The value comes from a restricted range between -90 (inclusive) and +90 (inclusive).,loc,nc:LatitudeDegreeValue,nc : LatitudeDegreeType,A value that specifies the degree of a latitude. The value comes from a restricted range between -90 (inclusive) and +90 (inclusive).,Mapped to existing NIEMOpen attribute.,
country,string,"When provided as an identifier (GUID) or string ( name ), will return only results assigned to a particular country",caseDetails,nc:Country,nc : CountryType,"A country, territory, dependency, or other such geopolitical subdivision of a location.",Mapped to existing NIEMOpen attribute.,
province,string,"When provided as an identifier (GUID) or string ( name ), will return only results assigned to a particular province",caseDetails,,,,Needs to be refined by Tiger Team.,"NIEM only has province codes for Canada and USA, will need to create a global province code category"
locality,string,"When provided as an identifier (GUID) or string ( name ), will return only results assigned to a particular locality ( i.e. a village, town, or city )",caseDetails,j:DistrictIdentification,nc : IdentificationType,An identification of a region or locality.,Mapped to existing NIEMOpen attribute.,
supplementalMaterial,array,"A report used to document additional work performed with subsequent reporting of results
",caseDetails,nc:Association,nc : AssociationType,"An association, connection, relationship, or involvement somehow linking people, things, and/or activities together.",Mapped to existing NIEMOpen attribute.,
wtiProfiles,string,"A single or delimited list of WTI profile identifiers (GUID) to restrict the results. When provided,  results returned have at least one device with the assigned profile(s)",caseDetails,WTIDeviceProfileIdentifier,nc : IdentificationType,A WTI profile identifier assigned to a device.,Initial refinement completed. Pending Tiger Team review.,
classification,string,"The determination that official information requires, in the interests of national security, a specific degree of protection against unauthorized disclosure, coupled with a designation signifying that such a determination has been made.","caseDetails, levelTwoFindings, levelTwoDisposition",mo:SecurityClassificationText,nc : TextType,An information security classification level.,Mapped to existing NIEMOpen attribute.,
aor,string,"Area of responsibility; The geographical area associated with a combatant command
within which the combatant commander has authority to plan and conduct operations.",caseDetails,usmtf:GeographicAreaText, usmtf : GeographicAreaType,A concise description of the geographic area of responsibility.,Mapped to existing NIEMOpen attribute.,
unit,string,Any military element whose structure is prescribed by competent authority; An organization title of a subdivision of a group in a task force,caseDetails,mo:UnitName,mo : UnitNameType,A character string assigned to represent a unit name.,Mapped to existing NIEMOpen attribute.,
mgrs,string,A Military Grid Reference System value which will return documents with an incident in a specific radius of the value,caseDetails,mo:MGRSCoordinateStringText,mo : MGRSCoordinateStringType,A complete coordinate string from the Military Grid Reference System (MGRS) which represents a location with a Universal Transverse Mercator (UTM) or Universal Polar Stereographic (UPS) coordinate and a unique military grid square.,Mapped to existing NIEMOpen attribute.,
submittedOn,string,A date and time the document was submitted.,caseDetails,hs:SubmittedDateTime,nc : DateType,A date and time the document was submitted.,Mapped to existing NIEMOpen attribute.,
submitterEmail,string,email address of the person submitting the case report,caseDetails,nc:ContactEmailID,niem-xs : string,An electronic mailing address by which a person or organization may be contacted.,Mapped to existing NIEMOpen attribute.,
modifiedBy,string,"A user, who modified a data file.",caseDetails,cbrn:DataFileLastModifiedByText,niem-xs : string,"A user, who modified a data file.",Mapped to existing NIEMOpen attribute.,
lastEditTime,string,A date information was last modified.,caseDetails,nc:LastUpdatedDate,nc : DateType,A date information was last modified.,Mapped to existing NIEMOpen attribute.,
specialInstructions,string,"A comment, note, or remark.",caseDetails,nc:comment,nc : CommentType,"A comment, note, or remark.",Mapped to existing NIEMOpen attribute.,
caseStatusName,string,A status of a case.,"caseDetails, caseStatusSummary",cbrn:CaseStatus,cbrn : CaseStatusType,A status of a case.,Mapped to existing NIEMOpen attribute.,
priority,string,A single of delimited list of assigned priorities to restrict the results,caseDetails,cbrn:CasePriorityCode ,cbrncl : CasePriorityCodeType,A priority of a case.,Mapped to existing NIEMOpen attribute.,
approvedSummary,object,An approved summary of the case,,CaseApprovedSummary,nc:DocumentType,An approved summary of the case.,Initial refinement completed. Pending Tiger Team review.,
summaryInformation,object,"High-level information on approval, results, and findings of the case",approvedSummary,CaseSummary,CaseSummaryType,"A summary of the approval, results, and findings of a case.",Initial refinement completed. Pending Tiger Team review.,
approvedBy,object,"A group of metadata that describes and identifies a person, group, board, or organization that has approving authority.","summaryInformation, reportStatusDetails",mo:ApprovalAuthority,mo : ApprovalAuthorityType,"A group of metadata that describes and identifies a person, group, board, or organization that has approving authority.",Mapped to existing NIEMOpen attribute.,
surname,string,A last name or family name of a person.,"approvedBy, labPocInformation, levelTwoFindings, levelTwoDisposition, approverPocInformation, statusChangeBy",nc:PersonSurName,nc : PersonNameTextType,A last name or family name of a person.,Mapped to existing NIEMOpen attribute.,
givenName,string,A first name of a person.,"approvedBy, labPocInformation, levelTwoFindings, levelTwoDisposition, approverPocInformation, statusChangeBy",nc:PersonGivenName,nc : PersonNameTextType,A first name of a person.,Mapped to existing NIEMOpen attribute.,
middleName,string,A middle name of a person.,"approvedBy, labPocInformation, levelTwoFindings, levelTwoDisposition, approverPocInformation, statusChangeBy",nc:PersonMiddleName,nc : PersonNameTextType,A middle name of a person.,Mapped to existing NIEMOpen attribute.,
approvedDate,string,A date of the approval.,approvedBy,mo:ApprovalDate,nc : DateType,A date of the approval.,Mapped to existing NIEMOpen attribute.,
levelTwoFindings,object,Description of information found during level 2 analysis of CEM,"summaryInformation, resultStatus",,,,Needs to be refined by Tiger Team.,
findingsText,string,Description of findings,levelTwoFindings,AnalysisFindingsText,nc : TextType,A description of findings from the analysis of items or of a scene.,Initial refinement completed. Pending Tiger Team review.,
modifyTime,string,A time stamp identifying when a data file was last modified.,"levelTwoFindings, levelTwoDisposition",cbrn:DataFileLastModifiedDateTime,niem-xs : dateTime,A time stamp identifying when a data file was last modified.,Mapped to existing NIEMOpen attribute.,
chemicalResult,string,A single or delimited list of Chemistry discipline result statuses to restrict the results,"summaryInformation, resultStatus",ChemicalResultStatusList,xs:string,A list of Chemistry discipline result statuses.,Initial refinement completed. Pending Tiger Team review.,
firearmsResult,string,A single or delimited list of Firearms discipline result statuses to restrict the results,"summaryInformation, resultStatus",FirearmsResultStatusList,xs:string,A list of Firearms discipline result statuses.,Initial refinement completed. Pending Tiger Team review.,
disposition,string,A description of a disposition.,"summaryInformation, levelTwoDisposition",nc:DispositionDescriptionText,nc : TextType,A description of a disposition.,Mapped to existing NIEMOpen attribute.,
tedacPriority,string,Priority assigned by the Terrorist Explosive Device Analytical Center (TEDAC),"summaryInformation, resultStatus",,,,Needs to be refined by Tiger Team.,
labPocInformation,object,Contact information for the laboratory Point of Contact,summaryInformation,LabPointOfContactInformation,nc : ContactInformationType,Contact information for a laboratory point of contact.,Initial refinement completed. Pending Tiger Team review.,
grade,string,A military grade of personnel.,"labPocInformation, approverPocInformation, approvalSignature, statusChangeBy, examinerSignature, techReviewerSignature",usmtf:PersonnelGradeText,usmtf : PersonnelGradeType,A military grade of personnel.,Mapped to existing NIEMOpen attribute.,
jobTitleID,integer,An identification of an employment position.,"labPocInformation, approverPocInformation, approvalSignature, statusChangeBy, examinerSignature, techReviewerSignature",nc:EmploymentPositionIdentification,nc : IdentificationType,An identification of an employment position.,Mapped to existing NIEMOpen attribute.,
dsnPhone,string,A Defense Switched Network (DSN) telephone number for a telecommunications device by which a person or organization may be contacted.,"labPocInformation, approverPocInformation, approvalSignature, statusChangeBy",mo:ContactDSNTelephoneNumber,nc : FullTelephoneNumberType,A Defense Switched Network (DSN) telephone number for a telecommunications device by which a person or organization may be contacted.,Mapped to existing NIEMOpen attribute.,
emailNIPR,string,An email address of the point of contact on the Non-classified Internet Protocol Router Network (NIPRNET).,"labPocInformation, approverPocInformation, approvalSignature, statusChangeBy",mo:ContactNIPREmailID,niem-xs : string,An email address of the point of contact on the Non-classified Internet Protocol Router Network (NIPRNET).,Mapped to existing NIEMOpen attribute.,
emailSIPR,string,An email address of the point of contact on the SECRET Internet Protocol Router Network (SIPRNET).,"labPocInformation, approverPocInformation, approvalSignature, statusChangeBy",mo:ContactSIPREmailID,niem-xs : string,An email address of the point of contact on the SECRET Internet Protocol Router Network (SIPRNET).,Mapped to existing NIEMOpen attribute.,
caseApproval,object,Details related to the approval of a case,,CaseApprovalDetails,CaseApprovalDetailsType,Details related to the approval of a case.,Initial refinement completed. Pending Tiger Team review.,
caseStatusSummary,object,Information related to the status of a case,caseApproval,CaseStatusDetails,CaseStatusDetailsType,Information related to the status of a case.,Initial refinement completed. Pending Tiger Team review.,
notRequired,array,"List of reports with a ""not required"" status",caseStatusSummary,OptionalReports,nc : TextType,"A list of report identifiers with a ""not required"" status.",Initial refinement completed. Pending Tiger Team review.,
reportStatusDetails,object,High-level information on a specific report within a case,"notRequired, pending, inProgress, pendingApproval, approvedReports, correctionsNeeded",ReportStatusDetails,ReportStatusDetailsType,Information about the status of a specific report within a case.,Initial refinement completed. Pending Tiger Team review.,
statusChangeTime,string,"A date a status was set, effected, or reported.","reportStatusDetails, currentStatus",nc:StatusDate,nc : DateType,"A date a status was set, effected, or reported.",Mapped to existing NIEMOpen attribute.,
discipline,string,"A single or delimited list of disciplines to restrict the
results. ",reportStatusDetails,ForensicDisciplineText,nc : TextType,A forensic discipline that a set of results or documents belong to. ,Initial refinement completed. Pending Tiger Team review.,
status,string,A single or delimited list of document approval statuses to restrict the search results. ,"reportStatusDetails, currentStatus",nc:Status,nc : StatusType,A state of something or someone.,Mapped to existing NIEMOpen attribute.,
pending,array,"List of reports with a ""pending"" status",caseStatusSummary,PendingReports,nc : TextType,"A list of reports with a ""pending"" status.",Initial refinement completed. Pending Tiger Team review.,
inProgress,array,"List of reports with an ""in progress"" status",caseStatusSummary,,,,Needs to be refined by Tiger Team.,
pendingApproval,array,"List of reports with a ""pending approval"" status",caseStatusSummary,PendingApprovalReports,nc : TextType,"A list of reports with a ""pending approval"" status.",Initial refinement completed. Pending Tiger Team review.,
approvedReports,array,"List of reports with an ""approved"" status",caseStatusSummary,ReportsApprovedStatusList,ReportsApprovedStatusListType,"A list of reports with an ""approved"" status.",Initial refinement completed. Pending Tiger Team review.,
correctionsNeeded,array,"List of reports with a ""corrections needed"" status",caseStatusSummary,CorrectionsNeededReportsList,xs:string,A list of reports that need corrections.,Initial refinement completed. Pending Tiger Team review.,
resultStatus,object,A completion status of the laboratory result at the level of a single observation.,caseApproval,em:TestLaboratoryObservationResultStatus,nc : StatusType,A completion status of the laboratory result at the level of a single observation.,Mapped to existing NIEMOpen attribute.,
initialEvidenceDisposition,string,A set of information about what happened to a property item after an incident.,resultStatus,J:IncidentItemDisposition,nc : ItemDispositionType,A set of information about what happened to a property item after an incident.,Mapped to existing NIEMOpen attribute.,
levelTwoDisposition,object,A result or outcome that happens to an item after it has been handled or processed.,resultStatus,nc:ItemDisposition,nc : ItemDispositionType,A result or outcome that happens to an item after it has been handled or processed.,Mapped to existing NIEMOpen attribute.,
approverPocInformation,object,Contact information for the approver,resultStatus,ContactInformationApproverPersonAssociation,ContactInformationApproverPersonAssociationType,Contact information for the approver.,Initial refinement completed. Pending Tiger Team review.,
email,string,An electronic mailing address by which a person or organization may be contacted.,"approverPocInformation, labPocInformation, approvalSignature",nc:ContactEmailID,niem-xs : string,An electronic mailing address by which a person or organization may be contacted.,Mapped to existing NIEMOpen attribute.,
approvalSignature,object,Signature of the approver,"resultStatus, reportApproval",j:DocumentSignature,j:SignatureType,A signature on a document.,Mapped to existing NIEMOpen attribute.,
rank,string,"A rank, status, or promotion level of a person within an employment organization.","approvalSignature, statusChangeBy, examinerSignature, techReviewerSignature",nc:EmployeeRankText,nc : TextType ,"A rank, status, or promotion level of a person within an employment organization.",Mapped to existing NIEMOpen attribute.,
signature,string,A signature on a document.,"approvalSignature, examinerSignature, techReviewerSignature",j:DocumentSignature,j: SignatureType,A signature on a document.,Mapped to existing NIEMOpen attribute.,
dateSigned,string,A date associated with a signature,"approvalSignature, examinerSignature, techReviewerSignature",j:SignatureDate,nc : DateType,A date associated with a signature,Mapped to existing NIEMOpen attribute.,
certificateSN,string,A unique identifier for each X.509 certificate issued by a specific Certificate Authority.,"approvalSignature, examinerSignature, techReviewerSignature",mo:CertificateContentSerialNumberText,nc : TextType,A unique identifier for each X.509 certificate issued by a specific Certificate Authority.,Mapped to existing NIEMOpen attribute.,
certificateIssuerSN,string,A Certificate Authority who issued the X.509 certificate.,"approvalSignature, examinerSignature, techReviewerSignature",mo:CertificateContentIssuerText,nc : TextType,A Certificate Authority who issued the X.509 certificate.,Mapped to existing NIEMOpen attribute.,
VOIP,string,Voice Over Internet Protocol; Technique for transmitting real-time voice communications over the internet or another transmission control protocol/internet protocol (TCP/IP) network,"approvalSignature, statusChangeBy, examinerSignature, techReviewerSignature",,,,Needs to be refined by Tiger Team.,
mobilePhone,string,A cell phone number by which a person may be contacted.,"approvalSignature, statusChangeBy, examinerSignature, techReviewerSignature",,,,Needs to be refined by Tiger Team.,
reportApproval,object,Information on the approval of a case or report,,,,,Needs to be refined by Tiger Team.,
currentStatus,object,A state of something or someone.,reportApproval,nc:Status,nc : StatusType,A state of something or someone.,Mapped to existing NIEMOpen attribute.,
statusChangeBy,object,Name and contact information of person who changed the status of a report,reportApproval,,,,Needs to be refined by Tiger Team.,
currentStatusComment,string,"A comment, note, or remark.",reportApproval,nc:comment,nc : CommentType,"A comment, note, or remark.",Mapped to existing NIEMOpen attribute.,
examinerSignature,object,Signature of the examiner,reportApproval,,,,Needs to be refined by Tiger Team.,
techReviewerSignature,object,Signature of the tech reviewer,reportApproval,,,,Needs to be refined by Tiger Team.,
href,string,"A URI, URL or other unique reference to a storage location for a source representation.","statusChangeBy, signature, media",biom:SourceExternalFileReferenceText,nc : TextType,"A URI, URL or other unique reference to a storage location for a source representation.",Mapped to existing NIEMOpen attribute.,
versionNumber,integer,A unique Identifier of a version.,approvals,cbrn:VersionID,niem-xs : string,A unique Identifier of a version.,Mapped to existing NIEMOpen attribute.,
tcn,string,transaction control number,,,,,Needs to be refined by Tiger Team.,
